,geos25,lat,lon,nodeId,nodeLat,nodeLon,token_id
0,BB4F6434D8F46551407286FBD516F4F894A9ECE9662DA596ADF912DDDD10FAEFB4C4B5,-3.6971300176994504,-38.542846831171275,1703464964,-3.7162957236409717,-38.542355528106086,1
1,1E953D0B89AF65E9D0FD72FE290EDC57E3664D9001A3DD0576759540CA0F3E4866A9D5,-3.7846445943522427,-38.57242519630342,264943621,-3.822007006996723,-38.51701454197717,2
2,89618E57B259903DA6E19F8FD53412C5D0E356822E8C3EF6E490F6FD34571D5E00CEA7,-3.753205090760541,-38.56358700740696,7207399431,-3.820691714008818,-38.575782512236295,3
3,8A48EDB125D8DBF3A1CE388FCF967B73035373E574EBE378BE026F0C0AAAC73978C102,-3.691914111890832,-38.423200172058195,595251215,-3.7536100496043336,-38.54709391605613,4
4,5C6ACB59D83BA5C6A51DF2FB8EF288B4005054FE5C3A7C0B2E22C9FCB3A573C714BF54,-3.721040905170739,-38.57078384035925,3703056402,-3.7663031520216927,-38.58865037715648,5
5,D52487CCA34416EDC66B9147C8133C65F1468C447BDB7D3A919C5E0FE4A59DDABB4AF1,-3.7571922898126187,-38.49780688132448,3146594327,-3.6850794240165508,-38.51130597988646,6
6,E211458452760E7020C11BD5CF4269943AED182525F994D55AF1D60F4E4349F4298A35,-3.8080567693997893,-38.488723051495555,3337021464,-3.751460920326639,-38.53463534042319,7
7,F478E37B633E53058FB4B413487B64564DDCE26AA7828F993561849D36E776AC4F44B0,-3.698599343322787,-38.48647503269233,5646430232,-3.780603085883693,-38.5489059918055,8
8,E6F6E3C6A59BF08175874BAFF3107DC8E0D7C37895EA8CF8323BFF633892B302060F16,-3.792078783837953,-38.507236934515475,622540834,-3.8050342079248636,-38.61650653064555,9
9,99991BF663FE74CA9B9EA4C1FD26FF6D068FFD74898F674F2F1F8315159D6D2F523DFC,-3.850530578988405,-38.47748785291367,6216216620,-3.7137133623347642,-38.516998081464344,10
10,9D3A56B2CBEB14BA92236C7BB058E52EAEA35A14E8A1D9BA9E7587948DF8DFCAD2E258,-3.826541611216901,-38.496010804444566,5876711469,-3.6845480863257176,-38.518122031721724,11
11,47EFCB14B18EA37A43A049F3FACC30845FA51B42CF845FF156A33BFA8825A03C3AC795,-3.8100651665670155,-38.567356512056755,264943665,-3.744889203705894,-38.55371591554915,12
12,0FB8A69AE0D7B031CD52DE745C0B6C1FB92F6EFABCEA6097225B150F04B47E333FE7D0,-3.805319469621648,-38.501767290090044,264943666,-3.842931365970322,-38.527241733900794,13
13,02511F7C42A3712C3EB1C225F3A9E6E95C506CABC4281C4DA8EED2B0F58B9297657787,-3.783255620155173,-38.43358309530835,3775707185,-3.7479779484376965,-38.519880947234014,14
14,A264D1A6B5152961EE9DE551EB28C89A40C37EDD90A3812984E24D4C636DAE81C6EC6C,-3.716647666785516,-38.498631235538966,3661987896,-3.80059255512164,-38.50726852208635,15
15,A0C31B554919DC9F27B9C40F69C4A009F585BA8382360165F5B5845EA55830F3AB09AB,-3.7119786238360084,-38.503327214844184,1714888763,-3.821547920181393,-38.54351315827743,16
16,3647C302A44242641C7CFCD00DDC41F074538CE3B0D1DB4CC00452D7521CAAA40FAECF,-3.831711687699096,-38.51205763697236,3789269058,-3.790006802661503,-38.566112253963915,17
17,3F5C52E6833DF6A66C8824A2D6E3AB6D63FC96E0AE3693D68877B265822A81E71BF854,-3.7800117309882366,-38.584340777286265,477358148,-3.746042042214445,-38.64488094537672,18
18,8AAAE204CB71D7D454ABF639569E9F050EAF4B93AEEBC2B756CB0F20B5A7959CC2C23F,-3.7638871116595864,-38.597687480115695,2860617802,-3.6992564046163574,-38.51904503188475,19
19,DFD04AA21E5A76C60095D3CF72AF5AB3E6060DB81596162724094BE550B084E6ED2F3A,-3.6560287886637544,-38.43842448074002,265203786,-3.835336427348715,-38.54334727353549,20
20,686B437D39BE30FF24F7DBF0A16D7A7EDFF3ADD1A38170B42337F20C5055FE26A5E87E,-3.7629183110183178,-38.5599300154733,3661987924,-3.764774376171184,-38.50731962208601,21
21,865EF7F4C5AEE3B50FA271A683DA6DDF21D1F097D044106A6B71A4697028A5C0868568,-3.623650522115482,-38.58875776993858,1714602075,-3.7679952144248374,-38.52164310965868,22
22,4045B2F6C297389D48C8177C5D516B2CB35461230B3AC7DFC36030AB02BF177A75770F,-3.777440246867059,-38.569333117292494,626124892,-3.811366059828652,-38.498317104817964,23
23,8AA290C0A06F96AC2B126AFE05B61476D3D1AD1400317B416858E237A5B9F0514C5DAB,-3.7410777633997196,-38.61848537321904,2869020774,-3.7438560020310847,-38.51363225933785,24
24,689D650824F505979F0919A56029C6260171D5F28002634C0A0814685707E61C184B0C,-3.7460085505933574,-38.599971781068554,587735144,-3.776219836348786,-38.49026319231851,25
25,533CF41ED821CF04FC9655D0A26675BA3A601D9AD1FFF37A545D31BF6434C4C74AAEFA,-3.7190472766397473,-38.42208969162133,8391860332,-3.7435536751790557,-38.53268855708679,26
26,C3BDAC7A717FD91A2136C9A8BD7AA3C7EF52DE1C025466D16B3A9286939713DF045813,-3.827287288249176,-38.47321212364814,7059329143,-3.820096696052144,-38.452276599082666,27
27,89384A1E3DBAE35193430BABF8043DB484D884FC86C2FC400FB5DCCB8CD859B989911B,-3.7588260525178394,-38.59419129416362,587735195,-3.819850067873017,-38.52724186765946,28
28,DFA0570149E82A5C6A0A0D6B381EA5672316DDAB2525E9D3AEDC71A95527942BFD1712,-3.7695122322927244,-38.62280002656713,8480508064,-3.745567163952542,-38.52218845120652,29
29,7B4404A866E8EBC66A211B2CF1080EA5CB47294D0AF51459DA93D7F2C8CB96CB7DEC82,-3.796186493575496,-38.527646460456644,622538918,-3.8326310864112156,-38.49447075940379,30
30,A7D9F205AFB8E324AEF282F4D2201360813BC5F95DEEB6911209B5F76C73AA16256A49,-3.7729302219105247,-38.527692431440194,759654567,-3.7269501166332044,-38.52175614009886,31
31,28183D199B7F58A4C4697F37F33FB2C475EC782AA48A4D2BB42EA7E3A220A234B8BE51,-3.844936363934724,-38.58348901100538,574464175,-3.764172879271159,-38.49083993679916,32
32,6EC2DBAE7D8456073BD211936874796A81A48FB3D908DAC1CF5F2BA95D0EC55DA3A34B,-3.798275726439842,-38.5701394161927,6182990014,-3.7696447229075765,-38.49410851275265,33
33,368D9CFA32C416CA62190798C17DA78EE2D45603F1DD2E2D95E71CB756024A1522DF84,-3.7750974262396757,-38.58323633898682,1703465151,-3.8207038658065438,-38.50906393584891,34
34,5B0CFA885F1F5BCE8A176C7BF5AB3E94B272D8E847859470BE3867CE74E441268E879A,-3.750209393635403,-38.54897364279197,2863417547,-3.7153147130722086,-38.51313771134606,35
35,68896AC814C373AA97541343F60260D20502EFEB08FE2BE58A7BFD5551B3E090CAB75E,-3.7497133837565384,-38.5693645719565,2863417550,-3.8699906414281497,-38.507611658982604,36
36,8A0E3D6FC27A3019C8B47083C2AEB9BA782A8957BC981310865935AB7E9E30DCC455C6,-3.7898787518356114,-38.55562451440554,2863417551,-3.765182881906612,-38.521488846999986,37
37,D5642B8AFE85DE213C0AA4647088D6E04B95D7AB6278301CD19ECBFA4EE398E220E89B,-3.8014799082185515,-38.54743187617603,2863417552,-3.786721674016018,-38.488822998806484,38
38,637C4504D9BA58523CBF9A667021BE547039B3BD96035DBF2B20954A1B843E11BEECC0,-3.7518354263299676,-38.5090676668409,2863417556,-3.6679781996580823,-38.54398596903171,39
39,AFAAE603A3F1E05EED1EB39D9E6960F90A056E2F5026D5DCB832E4D8196ED639AB2518,-3.731862952052801,-38.54177403935802,7043000533,-3.775321386324901,-38.53936113424149,40
40,76D82553958DE9F92DCF41E08AFDAF0006D49F1DD05554FBDBAD4915DB2FF2426DB16A,-3.792670920336709,-38.54867704670884,2863417559,-3.783769854777241,-38.5252066364505,41
41,0DFE8AA19D2F9757814687E8FB431AAA7DA1D4C32AB9049BF8202C90C1975EC6A42826,-3.787180188962373,-38.60089099029177,2863417560,-3.7509017296952267,-38.443519621360714,42
42,831DBAB9DC7F919EB4DCAA864F0DAA58A5CFEF5DE556FBDDCC142B0B5B809BBC5975CE,-3.7168330947554806,-38.56465750490221,477116634,-3.734485756775928,-38.55541722943983,43
43,03AC153270E98DD87B0FBB68C88BB0EBA41C82C670997A0903AD46719957E55BC16316,-3.786639454196225,-38.50849456079591,2863417565,-3.900419543839641,-38.545117306688766,44
44,F9BC27DF2A4B30F450B4B395C1D6D59462B42C02D5438C310EC0D5305E5517EEA7B440,-3.7526223882875693,-38.57320383074089,1702963421,-3.798238160002362,-38.53433566353675,45
45,6582A2E092EA53DFBDB9C406F25B91C8DE5600926776E9B436B439BCB73641EE06641C,-3.7778497497663572,-38.46807364252477,1703465190,-3.7414158298926807,-38.52346188523878,46
46,8C9061EEBF65550A23E41989538692C2F2B9910FAEC60728D63B2CE374DE7DF92EC4F8,-3.6854245388993414,-38.5460368321499,1704902895,-3.802088129610063,-38.49546068528119,47
47,A2371FB55232BA33665DD5683E160471FD134B66EB6681CD37068CB6C359B3586BD3A5,-3.8143155142235408,-38.487651126462026,7112300784,-3.725136314683667,-38.48610793372254,48
48,84A0D6C44732FA94FC166BEAD26F11379F8A6AF66E67BF9BC87F075883EB5D293646B0,-3.693070797360429,-38.49516220207293,265085171,-3.724389786715142,-38.55801221702562,49
49,8F8BA532C3F485DB4A8C879FA55A891E150CB4024432202578284A82DCA16106F39593,-3.861692226775661,-38.62698309805396,265085175,-3.7993675288651314,-38.582418164405034,50
50,5B0BA5FCB88C7865D0E550A6A0B1E70953C28E70D09B34429195EE1F94F02B9A8ED8B2,-3.7059870098760093,-38.491455964272625,6926008571,-3.8091740284286915,-38.54390563440106,51
51,40F696B53BAE7C8C38003D81B06D0B93C14E28E89B411024DFFCC74CE7051B102476F4,-3.7320486341652837,-38.57064713551998,477466878,-3.7432897596678036,-38.51545082379991,52
52,8D18928CEE9F2849D3E21F67AF6D7E8DB42A02D60D857220C8B6008216F1A249C270EE,-3.85380815284344,-38.60186732389147,7841310982,-3.796745853230005,-38.572868423026954,53
53,3EAFDD9DDDA2D6A15C6EE9DBE290EFDEA2D3DCA42BD5E8A7F06050483346A785B1D2FA,-3.777566204953813,-38.470806178350166,1897513232,-3.7797450870031852,-38.55948005183459,54
54,617DAC4C12112A6D66D307733B6BEF25692D7ED0CAD167D8172803AC7055236AB85F70,-3.7823228573819634,-38.47520854055514,2796996891,-3.838618371035378,-38.612910025413036,55
55,98F5C68938982B6BA6DEAD3DE15A53ED785EF2E68373A4452AE56E47A2ED41806ADB00,-3.810532615974479,-38.49001068796323,587741468,-3.8554322288394,-38.497511711972194,56
56,2D62D7A194B05B89660AE30F2B00713EE26BE617C1FB982DE87E51D5548BB83E8A3827,-3.8451722288191346,-38.5132400128133,2813272351,-3.737458015510375,-38.51588896286248,57
57,8DB329577659ABBC8084ACB70BA0F093665488D3C4FBEF5C35BC068C73D9B1842458A0,-3.7461291902092158,-38.44223184229215,2839785767,-3.824606660354557,-38.43877950919014,58
58,85A88229BE82FB620E75DBE9F4D8D1C1935CCD0251283E8DC7E797AA4679E4FD862CA6,-3.848303493825735,-38.453426590121154,6861426987,-3.851362548951881,-38.559109547618206,59
59,E483D75FE9B1B74F755277DF9B0D86312BB230DFA44DB7870723E67C225B417E7FF13C,-3.77760307917893,-38.57367255232911,7207377202,-3.807884582814113,-38.46105711747155,60
60,74B7BDF8ABFD87F10A65D41F692EDE16250105B828B7072AFECCA7DBD52B2CF5E642CA,-3.77682093884988,-38.51945668331176,2851762506,-3.772099640128649,-38.4164999786527,61
61,7228F7C0670F2BE170855970805BA3F2E2B14F72A09DA8B7572DB6E80E5437A5C702CA,-3.8196468071312686,-38.54782411672495,8480497995,-3.7371826335831484,-38.522576396023744,62
62,33CE5D1BD5DCBA97E4321E5D06C1C15914A531460210D79343C4BD54EDFC37532C72E2,-3.7329846918645933,-38.46994589597882,1467251025,-3.7238426271897733,-38.46758855609878,63
63,320450D5AAE17E1DAEE250D16EADB183DA4B0DB80FCF75C1812E6BE9FFC48FA7C49D14,-3.8340330338388,-38.48199808691454,2856898898,-3.781587381946551,-38.687737896321835,64
64,3E9FBE5A4D6963429219A63CC548897BBBB7B8927EE3B63D8B8EE65D6DEE7D5D057F83,-3.8635526533289957,-38.516148255267574,477466962,-3.7665820795958815,-38.439568717274696,65
65,E91CB5CA18C1BDCFACEB4D9925E3F7D7FE887963E1750AE7CB62D38F6C4F3C2EE0AF07,-3.678814765771249,-38.49745861868441,2851762517,-3.8087435363566406,-38.55634635593984,66
66,A9C56D4AABE178C3F36F86DFC928110A86C31398DEFCA78A3D88FC17FB64C24859A40F,-3.74723352757018,-38.40856766922656,2472272225,-3.7988169275316195,-38.60931593681433,67
67,F9C913CAB3E3B65B6C56EFB0A7DC693A23B0BA9F97DCA1BE0DBE1E96D2BF5E01B3AF84,-3.8150300407914286,-38.57464123877709,2149677417,-3.7726181081104304,-38.47211500781687,68
68,7A013BF9BEA62416AE8AB1D77E931C21408712DDF3FB2E3C0F5A8F116AAB3A8FDD8C29,-3.786375143621541,-38.61403873441526,264898923,-3.7154774293297783,-38.558946660120874,69
69,D2580D077A172C47F3A2F16D43B90F013E3CC15A7AF478811D924AD4C462EB7C02E6DF,-3.8553884327441605,-38.49590359979209,264898924,-3.714596911091011,-38.56050291343686,70
70,F59A65F9B3AFF2B71C45500F2075B2612A2DE73DF79D4EE42907AE536D419BEE009822,-3.840691293628235,-38.47025149966843,3168637293,-3.817758654081822,-38.48538447059332,71
71,D13244133283CE91887637C66B315EA79C64DA6EFD0E8D065D3911FFDE1966F24BB5F2,-3.846756083369204,-38.54278146532153,2047478126,-3.7920873992957462,-38.51523933483579,72
72,CEFD8B2450F59EAB989409560DD42999E4EE33886072E22E3DEFF0585B75A6301E4DF3,-3.776911778298976,-38.50768764210682,6552854897,-3.726656446644829,-38.4887247803886,73
73,41195D297375B79FF616CC7A9781947364FA4396544769A995CC0CABD2E94EDD59F9FD,-3.8172900871131166,-38.578775649446364,264898932,-3.7259047873867055,-38.497154236576435,74
74,081673C75CADA824D55B24B8998571DED1E3DD32D3F5762FF754E12E847011F19585AA,-3.764386123967733,-38.52581113353615,2511567230,-3.8187122948043566,-38.50897452830007,75
75,7B084E5DACAC6984160760B12880A518CC8B09D44264FB13C7039C7F36AD81D7BADE74,-3.6980844258470142,-38.471086841266164,2813686156,-3.8064708228960416,-38.50217997141511,76
76,94E11F691BE132B7E6EC6E714DBA6B58516479BC0624FF703073AC6B1592113488DAA5,-3.7881461051843743,-38.51138049694209,264898963,-3.7385884280260147,-38.60567275719712,77
77,F0F933B8D3C372BA62F30EE5F3C42C5DEBDACF12855119F06A35B8C6155D5552887B61,-3.9060002258377358,-38.491471175972514,264898966,-3.744459004751549,-38.49238696820394,78
78,682B6A4BF7CFFA6D871D5D20DB2B4DD3BAC2A6BA6E8B4B5489D00BCBD96AB527625033,-3.7377280007233993,-38.53089495812147,476760474,-3.7959363506576707,-38.47024793077843,79
79,25E718DE9B9EF139BCC1290BCC916C8FC7043748BFAA5F1EB21E03502307DF4CF1F246,-3.7726844812584623,-38.62292297196625,264898971,-3.7726098040248472,-38.562367086918286,80
80,EF5478230D20194D8818A20D69FA780800B1D60ABDA217D2F63A0084B92495A9BB9AC4,-3.858124087272352,-38.56157107093357,265204131,-3.7833467977439015,-38.51449950082283,81
81,265D456FA596062953947A364D2E9B13E708A669D65AA34D9951E1590C4EBBCEA2F4D6,-3.7963414567820015,-38.465169742338524,616325544,-3.792753260142658,-38.49954050749633,82
82,23AC91F8C998BE72486D9AB00FEB203B5D60E0AA543D7404AE7369DA3D95379D46ED96,-3.778197194057213,-38.56507221804824,1897513384,-3.7892686302850733,-38.56405159223141,83
83,68EC94ABD6FA81D309C20AC1E73D7AEB0E0C9160275B46A68AED7FB6BC66EA04801E05,-3.776063224136137,-38.52707092274304,7855540655,-3.738826964750276,-38.50733327966041,84
84,94BC8E9798089F3AD2221A9A020049E2C45E445EC8F738D3F348C196837CDAB884BE3B,-3.781311708789389,-38.637144052432525,264899009,-3.8053948256658896,-38.521421511111285,85
85,6605ABD45589987207034BA2C99DCB2791A4B551EA80A3D5D1B0B2E97D3C53A09E248F,-3.786763052288049,-38.60480658113652,8677904844,-3.781584306607938,-38.56605346633169,86
86,DF986F9925BC189103CD27116C2E8B8A2242C557C3F1EEC8D9BF797DC8CEA9F3AE7704,-3.8728761309615147,-38.482757274975945,264899021,-3.7494618440001615,-38.47081087996923,87
87,1110768FE3F8740B691736B22E871F294EEE1C92C6F2EF40F5A8D968F329F6AB8FE120,-3.68862508732131,-38.48742075462231,1524517333,-3.7125210855875217,-38.50411848821786,88
88,D22BF3A531A16A4603F66FF5F91A0E83ECE6AC471791A6A025FF9C9055C64E91409815,-3.830596223120811,-38.46087922294464,5473118683,-3.766532405386146,-38.49369800896683,89
89,43E95242CECEF2A4EECB481B9126ADBDB814B05BACB56751EFA49CB5B546EF42444AC6,-3.8281004922568265,-38.53546257641868,8001444324,-3.781210007933497,-38.482954824146134,90
90,53A9AF409797F1162888F7AB49305773FC26B92238267E1EF6680AD3FA069D1D5ADA9E,-3.82575567388833,-38.48992707366004,1704817134,-3.7707089812791867,-38.530019767615094,91
91,C80A2E8DA2021C2BF22AC9002AD2577957BC45FEB3319185629C0BF18DAD6F13FE7395,-3.744231740487433,-38.57454004985027,1781268977,-3.736112504143447,-38.558970509110175,92
92,2BD4D553D9DF30B076AC484AB7306010F597BE2FDB80F15AD624B0EF3BC9D5AF1A8000,-3.78452349813981,-38.5467786581649,6219729397,-3.7830544541805184,-38.503161347336075,93
93,EA309D2D18A8CC5E0111CF8D1E2FE0DFF2CD7F00B0843823FA5DF442D54FE1F7D283AD,-3.7633111384018596,-38.61715520036647,622414358,-3.644638466275532,-38.49537501334139,94
94,50B93E7A6A8D5AB191999344D682D39D74D1297D2ED81963DD35D26AF5D55B3322D2C5,-3.8396768954689877,-38.47661801475836,616348182,-3.773548077820692,-38.5525042646511,95
95,8277358BD828E77F8DC84A306FDB4F07684E5E7DA6A2B58F2048EC8564C4460F62F8F7,-3.79404611560433,-38.52722236092692,263930397,-3.851036766351117,-38.444613586081104,96
96,50901671457E0D7234B329424235A1B417E94DDA00832143A00EB918B497CA83FF0CED,-3.8170863095771725,-38.49689602968097,264899101,-3.8367462239649868,-38.50004085286302,97
97,54654FD34B4F5D9386342C14A9FAFA8CFA4A070E494A6CD6A4C8F82562FFE4B6C22246,-3.8303254258622252,-38.460210656843884,2653915695,-3.8524309741732674,-38.58334364461364,98
98,0DBF6458AF0C5A07D82C37472AE0F6BD2F8423EBF33B697929F01B6705C7407600213A,-3.8105393449873537,-38.514581998199574,616348208,-3.7933451825705387,-38.489280991444154,99
99,14B558DAA03DF5DF15E4294B2F5869D7F658C0F14DC5977D44EFBC3FE0F0F702C8B25F,-3.7314287817421876,-38.56443377756292,1302848047,-3.748988934418902,-38.5660013482456,100
100,6573C4B446973A4B6FEA8B150A9C22DB2B95CC2CAB6DC6DBCCA8E37AA77E9B68DC4D35,-3.813956517784739,-38.571543715320196,2508960316,-3.7353191514044766,-38.46062793358758,104
101,FC06A7A6769FDFFC74A4EFDB89F21FA32A3457788927654F6F4A1DDCC8BF92C23791B0,-3.7617210777073096,-38.63077659382905,622422601,-3.736720461807948,-38.51765266373314,105
102,55CD4602AC61FD693D2DB6897A21484A4DBDC88102A751E16605BDD01FDAC07769612C,-3.7932217661876897,-38.61766010906875,7877325386,-3.87721326262192,-38.479072393072826,106
103,14D03AC158E80395AC3304111D7BECD2CFBEC6AA32CBAC1BD1CBD9536641B346A87A89,-3.8266899877848757,-38.42970070138618,4423504469,-3.7663479109734124,-38.45419544834081,107
104,6C8428E3C198DB058E3A93FD3DECDBE29BED7A0AFD8A9955E0DF3550393019D49A2709,-3.7077915780213653,-38.51941217589712,7207791190,-3.789068431609769,-38.64416271215371,108
105,CF3DCA7CAD35CEF1659B120D1CF35BE1FA581320593FA266FE5A7BDA8E87758A45E103,-3.7617223980654453,-38.542251184608574,1702928982,-3.78176018542362,-38.595989607246565,109
106,473BCC3CED70A3D713F595F2D2D56AC5BC677E2D47156A53A50CF07A9ABA877C0B82AB,-3.84153154502079,-38.57362042179487,4953686617,-3.675920272131567,-38.59018063723716,110
107,E1EC7CDD1E19F41B00A52963EAEF7C903B7848AA6EE3003C609EEE12752359C7C51AC2,-3.7854874330102692,-38.49168042938387,4336968283,-3.7236679555292627,-38.562897585903066,111
108,994F805359B90CA9ACACEC0B139E79B5E43B92C0D06195A289854D00B14DA1EC73BC1B,-3.7156973589905,-38.4690450048971,3419472478,-3.7112594918787027,-38.52504508490486,112
109,B5C7F28B7181C7A6DDBDD8303062B98481188667E5837C211B963F2570E71C5D39D9D3,-3.863886476038022,-38.481197715461526,1524517470,-3.837505804779467,-38.492126058295,113
110,46ADAC25C05081747B241B84F8EAF93E40A204425102CD81901EC57BAA626E499D57E4,-3.725210300168952,-38.500748701302044,1615936108,-3.81246306679148,-38.559764960790666,114
111,9236C5F9A46AA733B8B739D122FEAA7E447FE1B968824CA1D6BEF524DA61DD9D19ECF2,-3.7523453624766776,-38.56758986848418,3184951935,-3.8068633014025743,-38.49454830306526,115
112,ECC921049653ADAB5D75D41001AB222065F1A7228D29AA73FAC0228EFFB48B11A54C24,-3.7832486797871394,-38.51165637255083,2422469252,-3.7093952094362215,-38.48799699858633,116
113,49E65B6B9FBD32F8DF53C8883020049C175A34427F96F60357F63FB639934F97354B02,-3.825770833398756,-38.55470533633185,2885436040,-3.8410249481321954,-38.508106374483845,117
114,85BB3A69D26A02243E079569E16566496D10306B35C1BD9DC14CA209198CF9ADF611BC,-3.7912727043888266,-38.56492223631024,622414484,-3.7369212191721743,-38.46676755966015,118
115,CF803CB933F0F66807ACE42C2801446AAD41BAD67E29B170A0F7C2223682D5754FD23A,-3.7110808180904904,-38.50961626430542,616348318,-3.796473105393566,-38.48636348734218,119
116,890004A8F8042EE173D8FD43835FDA29CC9623F6667B45EE36E8BAE8207961244047AD,-3.7571062808762297,-38.53839908052742,6212301474,-3.772404905261444,-38.53180660008277,120
117,D3475EC1B25546A69188B540B98D108E75D3916D597A3AEEE912D2282D73B73EF23861,-3.799305861331317,-38.59261337426129,263973546,-3.857142914145209,-38.46742544737915,121
118,85DCF7A1E2569945F8229562109AD08C70356E2F9500B3242E529CB3587F6D07BF5FA8,-3.7981315752740588,-38.55961742443219,1295782575,-3.7868956279875827,-38.53032556162267,122
119,DFD77178B71E88B758752E2CED2C88C940A8B33CB949858E987D435CA102AFE3A7D20D,-3.767415394317637,-38.51971765113353,1463034546,-3.740209052737006,-38.5221225478929,123
120,2A7D083D93D26A2247181146BEFE83688CB1B21F9DE1AAF9F6735EDFC02FAA96E04046,-3.807574088294743,-38.51749742924291,476752576,-3.6992913143399297,-38.52648704724155,124
121,715B0F364484B98855061C4C318D9131003C0AFDF30EB3CA64022099F3DED321D02D67,-3.7524877816590174,-38.46941575923098,1704518342,-3.890120005547424,-38.527143513030914,125
122,827820850E7A24A748624B570B95ADF6334FC8B6983C96D7CB774A470E5ADA4B172884,-3.8048534114586685,-38.532944856849774,2624211655,-3.7876911019015562,-38.64712644939886,126
123,127FF8FE5232F78AA5F9BDC538D36E7FB1D7BCA859C6DBCF0437D2D24A04984AF73A87,-3.764993816044499,-38.46250836954972,4351359689,-3.7871710905061895,-38.562439436652795,127
124,B706186793C5ABDAACFD7C7D25B6A444355A3E9068E565D346549584EEAE7080AF5D13,-3.722634625881134,-38.450970968218485,3787940574,-3.7834953323500247,-38.56329318885034,128
125,4A7548AE8E61BD5F683ECECB346BBCEC70E9C0B04B655773EDB6201A403B6C3218DCA8,-3.7394056245444007,-38.53695110419599,2474730211,-3.7943427631398516,-38.54240271671709,129
126,1FD1E27F6EC795F3AA64BBD0E21B49314A9E6E23F5E34CE4C30F0AB14D19F435EB71B1,-3.731135801559884,-38.46514934354155,478337767,-3.7358852272170053,-38.516233871714455,130
127,92B074F2B8A63AC14AE558872B2B7A42D3C477DDE4F81252B89F410A19C086044881A8,-3.7504042560223274,-38.51726378039234,4554474223,-3.837350308445671,-38.5302728476754,131
128,3E398DCB508572F7E1C2892F24E374966F385FCD8336FF45DC7FE8C209777DC17B8EBD,-3.8322669220604126,-38.53038288942575,478337778,-3.752911666653015,-38.60863647779546,132
129,75C0D66D07CA98EB932CE028AF79EC502006CE7B8FD4CE0C8DA6349C9569E08C07CFB4,-3.7463108501967266,-38.60809446247388,263973625,-3.766965191882045,-38.40762259291477,133
130,BFFB357FADE2F4918E07703F217C14AEF5C83FC2CE48CD8A97819D3508C008C75466FC,-3.614009988589448,-38.589125404189346,7062434570,-3.7782775978748844,-38.52456763226112,134
131,1B47350241382DB9E22E9E35086BC4441AC2313F36891ADDECCE86CF753A33EED7B1D3,-3.775192700760981,-38.627255197833904,622394124,-3.7198199307086943,-38.537909784427455,135
132,613E923C69BA63221B4E2424F6BFA57672C4F0F30534FFB78252EB12978ECF1CF6EBE3,-3.7526113411662094,-38.54717636214303,3775871759,-3.756289536559164,-38.45323074856933,136
133,A3D60EB2585D99687FE3F27746192228924AF586CEE3C3D319DE6402678F733B944111,-3.7699216370898556,-38.53412183401586,2851758867,-3.7521600155214903,-38.58455658785212,137
134,97D4E93EF543E4EAF903FB9CE5900D970DD6FE90FC63769F87741BFF451D030D6EE79F,-3.8029236873115018,-38.52293202970685,2851758868,-3.6976462861006323,-38.58538683397887,138
135,E883EE1B34ADB82D952BFC63132C353B08FF65B6DAA44A85D32693069FD87CABD48FE7,-3.735226933733863,-38.534845227631095,2851758869,-3.6829105278043484,-38.468417300960525,139
136,58DA3D60466856BA0F1D012A067A0AB01363943402A5BF8581700FC675C0A5AE2F5F2C,-3.7768354144270497,-38.477944177060344,2851758870,-3.6911968564971778,-38.608215687566855,140
137,A8AC7AF359A02180CBF1F32CD56D0023AD10117F788F025028C96E14EF2FA0BCC48813,-3.835512013825037,-38.488388892278216,264770327,-3.7120873044216838,-38.5326424788568,141
138,B1417E036A9E6382ACDB3466E48DA03FFE4FC7F773067A5EC16D7510E92414AC83F0EE,-3.7970707087245423,-38.57139977649863,2851758871,-3.7695784635843825,-38.54132052655907,142
139,67D3B46B765A5D4608478D1AB6AE141BEC51A6DACB7134E3F8B9A67BD2F94BC1ED322C,-3.841817501964162,-38.49575324100548,2851758878,-3.7065097291801843,-38.452382183449686,143
140,A3EBD2C72756AB11E5C7E6C28F12D6971D586C7727048BC4E3C050BA4DEDB194AB3E20,-3.711343789530757,-38.54856675914395,2851758879,-3.8767235406717915,-38.53729184306858,144
141,1E196163C873456352E6F9E1FBDC554690B492107924ED548FDA3709D00FB46A640D13,-3.79584999317836,-38.49401529071369,2885460768,-3.7265565655617383,-38.585281717189766,145
142,AE31AB008D0004F980ECFA42FDFEF7034B8C676C9293AA04581B127183270D69014594,-3.7865988444140615,-38.485720226688706,2851758882,-3.7658379577447016,-38.54226986170272,146
143,C76C4EF9232855536F41B6019C9CEE3FACCC926AD6C74EE314181D6B6F61E1180F12C4,-3.8043399828111233,-38.49098433335032,2851758884,-3.80516406483457,-38.45812969321743,147
144,39D5019A8A02F9CEC379D213EB448A8B41661F073EEC8AC8D5EEB225018EF39C5C8E23,-3.8112814863330113,-38.51952134748667,2851758885,-3.7053874989243334,-38.647468263525006,148
145,6760B96E1FA6FB4498AF49D98C916C8A182A830E97797B9CBA69E513E13BA60D50C520,-3.754057603600973,-38.50730888193139,2851758888,-3.7826255794343746,-38.540137354503855,149
146,E7076F0C4F3A0FDF606FDDDAF9102FAEA8A234ED26D0B780157F95A852F5FE7DD41538,-3.635201854010578,-38.5476272385886,588460846,-3.767556706919687,-38.445956021578645,150
147,699F5F69992493EEEB723BE2484C01857D790A8E6F55A5EACDB9ED2E1A40CC9681796E,-3.7457405977330835,-38.478737220573265,4951315250,-3.7089001598830205,-38.536499036461215,151
148,C68E2761386406BDE9BB00BBB826E625CF55C05AF2DC40F5D5E0306F5679E7C58D6712,-3.717481323666258,-38.60116148279976,263951157,-3.7552320344556973,-38.492791512412275,152
149,145D7BFE9922084405DFB24569F1B4E5A1DD00C9120F608A606FE03DE6CAE4EC9D2EE6,-3.784934051349306,-38.588602415930154,4951315254,-3.7387935859071666,-38.501032358041805,153
150,EED6AF027582E648E6A632DA03F9828350658B62C69A0BCC8DFC1AAE229A1BE776FEBC,-3.7870921014673593,-38.50544532997397,6190752583,-3.6412613747321116,-38.525071838903166,154
151,D19683D76DE22ADCFCF0AA4F1B47236002079EBCCD250175E982C4F44A8F96A6893A66,-3.8321318944447027,-38.49642117252352,4498383687,-3.719137954886829,-38.467325911136136,155
152,45D9522A3F165483D7CBAE3B7C8583E74E2E591D77F17101297F9AAA0B04D5523AFCA7,-3.772922090377622,-38.59796000427382,5709325151,-3.7761857248376183,-38.50650375250505,156
153,5C5C2EAFA2F95F74F321929417625E742998AA26831FAAC18D1E7354E2275F5D80A165,-3.7659615529327284,-38.62498050711211,2944234336,-3.5932257628266444,-38.57643093897762,157
154,95049A6CFD028420CF58253E9BADADB22A8178E25BA2DB0DCD0ED3788D9764350E6E48,-3.7834764173476794,-38.53056519475341,5262889827,-3.8563797178080965,-38.500097168184716,158
155,83039B9B02517EA06822A0F8CF857A02A9CE5207F510CC811A3178C90D978D705D3381,-3.779747590405177,-38.53791864546639,2858503016,-3.743285051333426,-38.486018738983766,159
156,B5EAE3238F45A3A58C9FC70D1ECD0EC83782A867D0D2F31429F94990F3CC50D9986E0B,-3.7890454177275377,-38.618220137721586,2274577259,-3.6861673965186714,-38.444765276393305,160
157,9F15663AA34DF7AA8E2BB5600CC0ABB9B9DDADF12851205078EFAFA39065126EE72C1F,-3.7085295695502243,-38.502698262111316,2722597740,-3.833189987138086,-38.517066286224136,161
158,F6714F558C251786D957E2312D76652632A6C7580C19A7C8CEC8C01122D7142EC55FAB,-3.7921853079588086,-38.53699452760657,1704967027,-3.702134972034788,-38.542752338471885,162
159,3904BD6B16162C11096592A32D4B77A9EBC8F33D848329392836DA69F450EDD0FBC87C,-3.76965994777688,-38.50532452590102,2512855934,-3.802627370931362,-38.58740832395187,163
160,D9CA50D0C39CE93173D6FF76E21830396BD1C839F448BC8B125303DD7153373B499AB8,-3.7805003122984173,-38.512874914172045,2512855935,-3.738683319344833,-38.57637165010504,164
161,002E29757E4F445F6FE667F5B2FD9D377CF924209FC09CD431A83E6BEAF35B232062FD,-3.8151799959974926,-38.582421578036936,2813633411,-3.828536456852146,-38.5664820701341,165
162,516914911E53D2EF980C0B54A095434AC75090BDFA0F2CD8A4BBA1D2A3395F19DCA87E,-3.717695943770137,-38.42326361518181,5656294285,-3.7866154049228435,-38.541141989957694,166
163,BAD86FDFF5A147EF91BC0A1D4636BC8057A41AADF5729BD5EA48A2B68D738B623BFD95,-3.8098614643960107,-38.53598695479575,616676246,-3.7252265862918463,-38.54677962661801,167
164,FCD8DE3EDE4DA8DE496234503AEBBA8D14310092AE0FDF8820181B26562B899652ADA9,-3.72509838540314,-38.48711211406325,7840519067,-3.7928921514672305,-38.49687666136644,168
165,A2E3DAE68A0E0E9512112031567E838052AB0CC7D6409039156DD82A415374E31B46EC,-3.8352808479980376,-38.56355253745298,7862698924,-3.7922232565322576,-38.50963475738313,169
166,2294A69200F23161537E47D22B3F401296B910A2A6A3B14A50E8A774ED5A1219AE98C1,-3.7510725023089377,-38.55240224862263,622539692,-3.69558211826097,-38.55486408726001,170
167,887663A8F91914F19E9B51C1A87234A3E55F5B9EBAB92027DCB586A32E21F69C668732,-3.67119059968757,-38.491570294513416,1703199660,-3.8125988004268154,-38.5145175295171,171
168,734B0342316AADCD9E31580D6285E09E1B5EEF9505F18BA694C1E8A2732004501ED760,-3.797515126417215,-38.538875999533765,2050384819,-3.7504753132250856,-38.59438598639691,172
169,060BEF5A6A29C0DCE23596D2BAA935D9B3E79C95F90B3D8BAA6993DA11C907AC83FCE8,-3.75324387116423,-38.56724042045492,1650365386,-3.8377272591020772,-38.5278830998258,173
170,264FBD6AB93EA67FBC26C514835A40A8250A3B45A628DBEA17F9173C1ADE0D3C910E4D,-3.8586289009373598,-38.546838603057154,1650365403,-3.805431216578025,-38.592206094213324,174
171,81980768D3E309443AC853CCFE48DC398E3F5830048E3AD3E8E93A352A00B4528AA50A,-3.803869916709957,-38.495792353549675,264770529,-3.7864284946412683,-38.59126184765712,175
172,8BDA1B22D4F41B6F166525F513F9B28976D23F0C93F8E3EB9C67BAE4797149C4289158,-3.7603394633797893,-38.58932517483671,264770539,-3.752439449047112,-38.64057324871784,176
173,BA34FA1565B13E3866CED9F1785666CE1307947760498974A7BFAF0D513133F7AB7A32,-3.7823327563412423,-38.53693315731965,3850269680,-3.708916362635915,-38.50740093749485,177
174,4A2FF7D99B7318D0B305B87EB947B3EA5770017703A3558F75370016338804CBF3E5D1,-3.710803410765332,-38.58853331221629,264770551,-3.744739817585068,-38.54693070515921,178
175,C02DEBE150258F8EA94735EB6720D6FF28200F2884EEF66FFD68DD500AD775A45FC833,-3.797101787427608,-38.51597045826014,8080462843,-3.7031914356482063,-38.536137720830766,179
176,286680085E4A3F0AB41FCF06C135916F4D8E618E0696D7F1EA3F47786406643D7CBEB2,-3.8144807883136207,-38.51290766889923,3775859719,-3.6738658779185847,-38.456757412394275,180
177,B4666FE065433B2B2E72D6FEBF906BCE316FB3A2CCF6C29F1B06AE7D97B72C59E7DEC2,-3.843572561063596,-38.60284093292503,4835748877,-3.727441148131946,-38.52896336630647,181
178,B2737637E2B6F0907D9F02E60BEEA72DCF7E8B4AF995E7747B4C935EBFBBDD8E0C8666,-3.764879252235399,-38.557487909821134,1952017422,-3.7840837966614838,-38.50835554049497,182
179,62EDDC1056BE156F8CC6817583E90299F4A60901AC630EAA937A05A0524D8AAA06F75B,-3.7618247140524894,-38.49283717739307,264770588,-3.7893515153740287,-38.506521272411696,183
180,D3D9E8B4C84FE7B54AC25008C922EE9DDDB201DC4678BE00B71DBDD8DEB73E1EF4BD3B,-3.800561268902019,-38.58482636110557,4462349346,-3.7840786868435345,-38.50765599026284,184
181,2E0910A69648BCD0F8714E18A84F70D68CD7B014B0C6BD085C22A98F06405278AC63A4,-3.828019162351808,-38.49311635927336,264770599,-3.6583351164470512,-38.57062837364065,185
182,84B2E4B46D51DCE38C3CAFBA96DDC0C774443049C2D55EB8A2836ABEA4BF4951609C87,-3.7624735134534855,-38.50519399247392,1703056430,-3.7273381783274586,-38.504992905862906,186
183,742BD2B6DDACC26319D733C2D79A4DAF20FA984986D5D4946311796781A374F5727224,-3.752159854114849,-38.584171374535806,2856213560,-3.7636727871082436,-38.512525570625336,187
184,1615D43FCB725C3AD5BD1380D103B78923284FB653D198510197F2C0B231E605376DD8,-3.832237807618297,-38.428339910878535,2854261852,-3.8278349842681854,-38.506336196001925,188
185,8B601B21E4510FDBAA85B179B41375F3FA5742F0497FC606DA319B8A0ABBFBA077A155,-3.75354821514166,-38.48662368442582,2844697703,-3.736002982923737,-38.532704312047116,189
186,D1F07539BF55E2A80E54E749CC06D32B78251CB658F5AEFD87895E8AA2C1F1E8B65DC1,-3.6928466529836745,-38.65668311711917,6215844968,-3.7792299177783977,-38.491035799796435,190
187,73C96BCFC80BDFBEFB95AD98FBFCBBCB028C8D4B0E40846A22BE1E56A22790A34A942B,-3.7726487013773458,-38.52135961170846,6180007019,-3.8010743948561383,-38.559082775104024,191
188,10A2DBB4EF7CC919E3578807FE83356655003834327A7D5EC1AB229FA9D665A80CD872,-3.6940934427546,-38.61805582583406,4348906611,-3.703380111555738,-38.42187143552281,192
189,70065B92375E519502A8E7A1D7D36F4F862981EA63EA58358F878ADF7EB504E873AFF3,-3.838690131834382,-38.555435126717235,482794665,-3.815109331548556,-38.59736274302411,193
190,B08F5B457793550C0FDC09E1F7EFDA55CC79BADF69B33712C4A9D40B9387F3102A0FDD,-3.7080072750700093,-38.631990073812986,1703074985,-3.8131047542294567,-38.52127582878193,194
191,587AE9F27FC11F4279D4E9743115369A88883AAA8D0F52A35989E34801A43BE4588067,-3.7347666444728382,-38.51966600787394,264770750,-3.8339992084860928,-38.54336393861787,195
192,32AE310B5E26834F2834DCD79910D99497A272419B080BAD927B4453E6D1AD62EE8785,-3.7753993699120234,-38.56245360164958,8138355903,-3.7221864670651863,-38.414518579238944,196
193,4E620219B3340EFE3276DCE8A5B5E9AC76CA23F80938153E189A5889AE5468A87AC627,-3.7755813795889455,-38.46482132727803,2796412096,-3.6290212678148834,-38.55226347723845,197
194,D98E1AAB48D8E82699BDD779CAC3024E85F88E546B8D9A0952935EB0108D48133BC79E,-3.825449216695566,-38.387437390174846,2882088129,-3.723530378342115,-38.57358906349819,198
195,47DC6E255CF9B5E87FE014A0618DEF885850E0B35612ECB2C11FF2A65F9919CB1D20FE,-3.753808368381611,-38.484067640336185,1663130824,-3.726912614051786,-38.52989066931025,199
196,B2D712F4D72E542BDD30472B7F0FA8F72E38C6FFF6E5E67BF874E83E212AA316F3D718,-3.741761024359322,-38.59385333374723,622032085,-3.729537105516927,-38.53029868748805,200
197,BE1EBE87466A98002CBE06B4C2F31F879E0E4F27FFFCC9CCC4541C0AC4C76B52F05E3C,-3.7956256824743857,-38.53586304515956,1650365655,-3.7064651250010687,-38.57581884408574,201
198,5922375CD06464B673B3E8F3000A86E74C01AAD9A293984D25C805F2E08593FBF419B8,-3.7844737779903137,-38.519121561220814,1663130857,-3.7076279755023966,-38.63233774327963,202
199,48AAFA48698F3751FCF9B0E7F5719F4A61C4B83A077EAB795E6EEEDE906D9D1749E02E,-3.857666943803392,-38.57151623291333,1663130863,-3.757116735847769,-38.50017816260031,203
200,1332E9010E19783B9A13FD3BEA84EAEB206C949054F93A8CAB4D1E633319687F6088AD,-3.7479346662750683,-38.58339379050597,1704729841,-3.8154829820492773,-38.52116478397029,204
201,19B5569AA16ACB0EAA11FADBA54C7C84E42ADCC86313FB604E54D863656639AA214C2B,-3.7406582883236528,-38.5661286463968,2794530037,-3.774302787524924,-38.50243801751309,205
202,F89961A14247C652896D3485FD0DF08294F0CC2E82A308130CB0F5C6636471324FF74A,-3.8405094428405575,-38.59999041551504,1703075073,-3.7544802254740124,-38.52765580726373,206
203,5BDCA0AF21DE9C79066BEE64DA920C861E435C0CDA29614D70DD88173FA8FFAB117CF0,-3.8453329981741042,-38.53000236964455,264955141,-3.738704637812212,-38.503976918244206,207
204,C4DA6B8EFBA3F8D91219BC9AA26C4440EA5E49EAF7AB69E921FE4C924F2819F84C58E4,-3.794978970166215,-38.53088780518693,1703331083,-3.7346685498452734,-38.59951877752719,208
205,B973BB652D17A57FD6E96AFCF837BC7F57E4EC282B95A12DC427688067B257295C50BD,-3.7132843630577934,-38.51654051798536,1897475341,-3.8512915487284656,-38.59229852432669,209
206,ACC1ED9E6675608252E9C4E8E18D37153EE994E921EA808B07FCD6B40B68181629DEC9,-3.733726926714524,-38.56485684198276,4348996878,-3.8353593857458863,-38.58942546004909,210
207,64B4341D1A062845AC2326A1A90A67D870733F5F261F28A269FB11B0D91A955FAECAE4,-3.801639449298656,-38.56126014495121,264955149,-3.8649008140555736,-38.53019301967369,211
208,3D142ADC617F9EB7CCB08BA06BF5F9D39047C49C57BAD1AAAC6D99748219D1ADB22D8A,-3.819417755439109,-38.52329576666398,264770835,-3.688798940194624,-38.47928170564884,212
209,7D645256E0B5A93E8375D6092DCF636B5F7DDDE692CE683AC40CB19DE3B25574D8D71F,-3.90488938489629,-38.563142528525276,6534886681,-3.7605577968745156,-38.59321308594385,213
210,D2CA1F3D4DA1850487F0DF135893CD3B71015B94D1D16F5EFD8113C2B5BE84B349B931,-3.8542403211727554,-38.569856001246066,7062121756,-3.7579144836893703,-38.568710852675956,214
211,1FF35BCCD7C27FA541AA5A988D05966C9201A1E5C33576443669993C3DB00B6072FC4C,-3.766080603219585,-38.55419145613531,264770846,-3.821969631882396,-38.54500734174078,215
212,87C47DCA43F2526A4A8FD287A90802C4FB9A2D31F94D50672B0DDB8F854C07FCE83C7C,-3.723352433759545,-38.452249880625615,476740898,-3.8116775951033492,-38.4993782659686,216
213,39D9A2285B8323ACB63910F40A9CDF8D32C9772767E57D77C035521125DCD147AF2809,-3.8056849201964282,-38.48552434796503,2474738987,-3.7835884875015733,-38.598298936016256,217
214,67F5B3BD57E6795AD587065E37696CB68A63B2394F4C5F4EA5F48AF6066787005B9427,-3.8158414163941523,-38.60869034603189,3336967471,-3.776496636030976,-38.572556623602594,218
215,D8E966065E7AF6AC694733B8AC4A1F2AAA7264038D093C2326523871CBA982C09169EA,-3.797645934704676,-38.57866997256489,477371698,-3.7755092279353244,-38.61079409573279,219
216,1E08BBA326D80DADAB02F62EDBA59C9AE932A79DC5014A15A960E3CDC9C268772FD4EF,-3.819500314528607,-38.512363214896034,1663130934,-3.8114427746111375,-38.52144060148241,220
217,B66AD572A6E47773619C821D50AEF4E01715D8083F59E32D202439376E43E2B97C2BD2,-3.7187919578607516,-38.55199982369688,476740919,-3.800876087533461,-38.581421434831384,221
218,EE599922BB28F2EF9058979302A213DA4F6DF9EF6FA24C8D3D0CB219EBFC2D7BCB052D,-3.7467346772320798,-38.56075976886051,1704557883,-3.777524233100958,-38.55507639615389,222
219,48EF48454CA39759F590C5BF606D9789417785CD682D599458A9583F7EA5FFF4D5BEED,-3.8219330317832103,-38.4558027931697,8483808575,-3.8526979374359662,-38.50333711095751,223
220,E52B17306247870C8E63BAFABE3B0A6B36D6E8DC26F558711FFB623AF13FF373AD325D,-3.709766630612583,-38.47954615862898,1290380608,-3.7938004191424755,-38.5183727460113,224
221,D82CC5D3C7E878E9282A0558B529F513D9451CDD62756165BC5E52DDC2EBCEFE20FF5C,-3.770566410580209,-38.53929629535643,4768900416,-3.702831281528096,-38.533788067595296,225
222,70CB6B97474822F433B2A995B93A631B7DCAA8C5AB9C2EBB017C3407A4537E7052BC2F,-3.8197972943487115,-38.363802032399356,7192333639,-3.8357329399606934,-38.484631181401134,226
223,F34270F981145161CB559AD10877CD9D7330712D0E8D9A5C100988C550287935AFF0BF,-3.744977099054851,-38.465859633595265,1714740553,-3.817540880035671,-38.591690515557225,227
224,9DD63E574E5D78CB00AA8E46B78FBC529DBB4730BD02D3B395C589C5A0512D79054E85,-3.861834184311823,-38.634878722107246,7207271778,-3.7269392346342034,-38.51876677565159,228
225,B87020FEA2F3D60DB8F2CA29FAADB09D0C97B89004A8E6D9D3A3FD682F0DF6473E5C0B,-3.7274668097452444,-38.524464627090666,1702858094,-3.71361828034951,-38.54089109623007,229
226,474420A9037B75402E6E432F7B54DA20DD2B687AC20CC85C1D4F42B95268CA1C6B2FBF,-3.7576626504374047,-38.495657019170295,7734949246,-3.6518740759096695,-38.44659438453917,230
227,CC8F0590D1A10FF1332193D861BC766560CAB5E34AF17FB66BC8CC7995B2A5F3B358AB,-3.698437046538574,-38.57055405480518,7734949247,-3.777288977005873,-38.456463638566625,231
228,494FE91DA2BDCFD1173678AAE20C13CBD42D5DDDCD3D87E3B9189819337AC179EE5B9A,-3.779851287124096,-38.50021502642512,2511592831,-3.8299072427968057,-38.462495511422375,232
229,C81F94387A76B337E45233ABD2038D2EEB3417B969F97DE2570D0340F999D5D5E04F8C,-3.6897497735054965,-38.46269087021623,7189230981,-3.7262970154833255,-38.583297847394114,233
230,BB40AF4280854B008A39818445364983328F8EF90EC4A205B47DDF0AA3720BDD4EE0A4,-3.7225579812563097,-38.49521463608076,7725534598,-3.770437424546636,-38.58176571213258,234
231,15228A75C0B58E9639F0BA915FE38D381101E1BA46C33FCA4223C305FDB54C88469D18,-3.696240808485795,-38.624884000432225,2047462800,-3.8019325714419434,-38.5549660742562,235
232,6A47F66609B32BA9F7004B99DC558951ACA3BA654B5038089433698E422E0B10F805D5,-3.6966897952303404,-38.53752121648727,265020828,-3.7082497921356743,-38.54327905385008,236
233,ADB73D3431CA6D67324A16822A8D89842281E5EEFB8F2CF63158ED9697286AEA9AB540,-3.8267785825941667,-38.667223910492545,6213148066,-3.7844137984666153,-38.534616210008245,237
234,A53C75AA9FB66B0585A5A767737B6433D4D4B804CE8D361A366678C244F0CCFF31ADB8,-3.7918782047329755,-38.52992681842474,265020836,-3.705131277063557,-38.541449635519236,238
235,9EE760D94BC509F25C30835EFD2F2229E7E0E7A00961D5C3428415B543FC9C934BF874,-3.7745142214032326,-38.581785494329765,3240066470,-3.7286811858302364,-38.53576108304175,239
236,2C52D4791C9EA6334321089262705B2CF8E8ABB7DC517E432215A869E83B8F0FFE6007,-3.813721423380671,-38.44922594205008,253406637,-3.8231392011835794,-38.61586594419653,240
237,941FCFD49ADFD13B01C1BB456920F91354DCFE963FBF8C46744830DB32578257CB9C51,-3.784317447170629,-38.54381311432096,2508965293,-3.742621570686013,-38.5819447896522,241
238,AACFAA5FBA0306945A9BF41E21C1F904E6F6BD7DA16F59C412A048F540F9CD4E55BE4E,-3.835021842557175,-38.546055827124825,253406640,-3.855717997702696,-38.54891535607119,242
239,453741AA040EFAD03D6D6D7F9AEE56CBCB43D60AA2F8C0BEE5DF44B6E1B92360251E46,-3.795511517280526,-38.55766396834344,265020853,-3.716445987220516,-38.63510161077491,243
240,227BB4560DE3F567F6C0E8B90EB15C75BB4153E05C12A28DF11F86256C525B3F2A76CB,-3.747734083756756,-38.37523364886907,265020854,-3.7565035767752533,-38.51461818484463,244
241,136E7DDF02B3B99635B07833FBE4F0AE4B76731C8F8DEF4E6D24297815366A462C22DB,-3.790993467383555,-38.56258297424652,7866070454,-3.737319454350226,-38.55270440879114,245
242,8B9339E568F01D7DF990E62E1EBF214067A143619394A04371396F1AF21495D40807EA,-3.784803067698548,-38.52879291199183,1704558015,-3.816559152356476,-38.52504842749256,246
243,F7CABF6BF24643810ECBDB7372670E16E269022969A100E6837D96D7B3109545CF3387,-3.7969066378426293,-38.49822835581242,1991769541,-3.7216644341572658,-38.56390495904588,247
244,C3403AF3F8F2A65FD740A431DF1B507C89F07FA41556DA69CA9D646FDA9AB2308943D0,-3.788876800409814,-38.51570509364398,621557190,-3.7513110894150015,-38.54869762227558,248
245,1CEE2B36B5AED7AA597D916C6C16DA336734922AA493B4B54584A87FE761ED367435FE,-3.7805996026837745,-38.52224347687343,265020871,-3.791242071711188,-38.51931323121056,249
246,90E6021132247381EC856EBF86F2551E8810D6F9F13073A2894C9F2BF8CBC6CCE43E2C,-3.794189897182051,-38.567857564534556,265020874,-3.785364569022351,-38.552121149637415,250
247,FD51667DF7DD294957314C65807C7F80D6862CD7FB5ECD87D6DABF0DE545A0563FA6C6,-3.833666973447518,-38.50487882124059,621557203,-3.7667340872063253,-38.53560731891375,251
248,4979D6D0929A3F28D7FA73F9AF78251D8D641E58567463CBC1284B0591D126B1314FAD,-3.7665650937558497,-38.60604717219951,476792277,-3.772684226083756,-38.51496934772133,252
249,9D1F216B91CA1805A2637E8147E7F98F094F6ED535210B230DD152A4CE18F968C4BA95,-3.8039737232354454,-38.478369949636466,253406679,-3.810191556109233,-38.56001732152685,253
250,6070BEB92FE6ADF506CBA8B20F95A27F9E31646744AF30D555FCC8E12C1ADFB8A8B175,-3.7650870021065335,-38.480563036644924,2366160343,-3.7584621188694083,-38.43745800294185,254
251,13795F179978258D50B93957E41E2B9ED84B64EDA3A608C5B6F969BE0AD925F96AF937,-3.795700400105081,-38.608531751849675,2048222684,-3.777028606842411,-38.46472392317425,255
252,293D951028BDB8A91EBABB376184D3F4AE22D384D452A51C51227B662E3ADA2F52977A,-3.796430053654128,-38.425575571020374,253406688,-3.7549246905414866,-38.626974422262165,256
253,92BC4329A024023FBFD652A8C744DFF7D39D0C14EA130A78F20884E8F4108B7B4600F8,-3.719197342591899,-38.5223468167946,476794343,-3.8482058777641175,-38.52118147365773,257
254,0948A668825501A8622797B055F1AB42E0AF8874C085ED12C0631948DD23E095F0857D,-3.77503880172853,-38.557917857473704,4465141227,-3.7998778630069223,-38.51870321017369,258
255,DADCFF997617B1D473441B1DE11B15B72746EF10987A857AC607D53095B1B54BFFCFEC,-3.796827901631043,-38.51153158389952,265020930,-3.786638815827489,-38.563294056026876,259
256,63D25B32961ABD972F17B120FE9B8156E1B82327EB7FA336B4D03F3A6FF966C3EE84F6,-3.6645016494579514,-38.56809938794589,4427603462,-3.8334522392749415,-38.64983614603072,260
257,A39F6F2CBEB724864C78BADDEDF1EA9C60478D2FD2A83C9642C8E3211C4253C500319E,-3.7790021137788337,-38.51025514620828,7928974856,-3.698912971711344,-38.56605441330986,261
258,A3340A08F6523D5E3CAB447E7C147318DE3402A7D95F641FF63564EF37E333E9B347AB,-3.727105088486368,-38.57560214647486,2512907787,-3.7653019586149967,-38.5408107307502,262
259,58C68010F7D2685C705459529D9459F2544DDC3689496BE9D9DF292504BB51C24C7314,-3.762017953325568,-38.55319135184614,1714707982,-3.7627337445388664,-38.553886294364354,263
260,B0996567EEA812C958003633C6731059E3C760E0F8148E2E27E4FE2B15D573C872CAEC,-3.777314138818364,-38.565244960548824,265020947,-3.7566897882548074,-38.59070618285333,264
261,CB1A8B41C503A491F26C65667EE0C5A78889C348C06573D43A11D63AC3B760FD289C67,-3.778121254416262,-38.49987761116127,1704762901,-3.761924464918641,-38.42427229492999,265
262,9C4F6B46A9412AD80E0239B57CC41D464F70C8EE2B9147900BB9FF346A4D13484D9EE4,-3.711944331721261,-38.57483649271409,7645990425,-3.710916507668674,-38.545850133082766,266
263,066D818175E344CF262DACA4F4708674E2F11681C075BA7B5D540082585E07A8265C17,-3.678192615644254,-38.539013260971906,7645990427,-3.709133832613406,-38.57574547815049,267
264,D4EEB18D17937B75ABA3829710EB9E04A8E65BD423AF5B10C94B4397A1F5E6160C2834,-3.7063896710390005,-38.49254048856816,265020959,-3.692568659076201,-38.606370038634346,268
265,323ADB92456F0430D7A1707A9351E643292F4736D02BA1B67A2933882DCF84B9F23714,-3.7099535538502044,-38.44870353040632,264771104,-3.775204896385706,-38.432952219410616,269
266,090B5A7C4C579AE6FF0845C07FE3A0A77C2CCCFEB22241AC159408AE3F43327DF99E75,-3.7572616489580235,-38.60357917680627,291100193,-3.8129436752928596,-38.52531531885293,270
267,0018E5F4608CEAA73962D9EC2C85826D7F5DE58C5D6C1632BCCC4CD5272F39D1594B49,-3.741751772438153,-38.50001513328768,622540328,-3.8921728460413947,-38.54125484796034,271
268,DA1F875BFD727A2569B4036C03E3E6DB28598BF0CD00C6DD9F7571D1F3D97A91B3BBE2,-3.7340765573345602,-38.50787590808162,6501078574,-3.9042656476757815,-38.641516361259455,272
269,07D593455D2B83324B29D4AF5BF9C501BB8CE267BBABF017CACA2DB6429EAA51427670,-3.80472458147019,-38.513903853235874,265020977,-3.7931808561562694,-38.49099505169946,273
270,607B59C6CE869EFB21E7A57DC75152FE0746795446AF965E107BC3FD35ABD65542CB71,-3.795936552733446,-38.5291618274611,2104471091,-3.7303415317878676,-38.574522510729714,274
271,2ABBFCA4521A7BAF55DCD3D22526B290D8C4010EBB59D89AD11DCBBB5B8A1DACEB4D7F,-3.7205706693787706,-38.533654406411316,3667506741,-3.787263849377199,-38.47280991375497,275
272,6E28E171E53091B482881563364B60D2B63C0C88213A86BD82574C114F82761799B4AF,-3.677752520948188,-38.535049830690426,351938111,-3.7829817659308334,-38.60481516620659,276
273,B2E15E90043685F2F9A720F0D0298F8BC9A0CE431CF65DE8E1EC29FCF5374F34104ED9,-3.8365848283646495,-38.561681776289674,8080041538,-3.74523424449548,-38.56064732665691,277
274,E86722F6259714E981A64AECAC6AC6ADA80DAA7BAEFBFB0937F4BB86A562F1590BD2AC,-3.825647206371923,-38.535823253060954,1703056987,-3.7433206739386273,-38.47710841503328,278
275,182137C7DB382A5A15A6ED0A3BCE12826C07959008B973B884DCADDE0394E8000CD7E9,-3.7960575025673644,-38.44046700714634,6355813982,-3.6731137361853428,-38.577719982726535,279
276,43138E913C5C4CF82C2D7CF6C15C24605334BA61F93DD5281F13D060DAB395A2058641,-3.8393831733585433,-38.48774309574539,7833845366,-3.7575940071577087,-38.57466073378144,280
277,2C501E22376CDE6AFD5E1F291B33C17CED90FAD95EFDABFE8C046EE5E42B60930C6610,-3.808574045962779,-38.4684477416972,8486383229,-3.6594486112521594,-38.54890894188341,281
278,32313938866FD5852050A98F542148B70D344DAC9E67E091FFB763EEF6202AE6DCD31F,-3.7294828659712573,-38.5499425684503,8486383231,-3.7207441677697877,-38.5684523205569,282
279,4A14F535E84CA3801F0C97D251B170F00ECE2E41A1F9149D4BD65623AA180FCB67CDBC,-3.8312021914047207,-38.530054990397666,265021064,-3.835252818111327,-38.53214734283598,283
280,A2B595FDDFF8AB5BD1C2C79D0CEC94E593FACD3CE7361C86F1C1D861E936E2950E9FBE,-3.7321801417891267,-38.59043822050538,2431739537,-3.732769817441021,-38.50110164973204,284
281,F81BE0E816F29AEA08B3D3EF3ECF45CDE3B9778679BE1F0B87E29DCE74F769EE75D76B,-3.7876681678800477,-38.6380992612943,264900245,-3.766413712062767,-38.61729246375421,285
282,EB52EC845BF4598E1FD40892EB9E508B57810827B38CA5CF49D2D85A02AF329338ED07,-3.750655094330026,-38.53489738038017,599631525,-3.706713720069811,-38.563428686660885,286
283,B10DD567C0EE2CF3DA3E6C40C793510686B02C658D8BA8E123A9E406435C681355DB5C,-3.7745476137142013,-38.521025726221666,1714601639,-3.8201114922198958,-38.54682726648312,287
284,271ECCAF8B4E902E549721AE8B077AFCABB43C67D8F46E6E33D9269B41A3A061717FC2,-3.916503086043914,-38.503464300371554,2796410542,-3.818631225165523,-38.609190871808295,288
285,415A0493B62A22F87173D92ACD840CA0B6AF6A8A8B53E21AE227A9C90C14616110FFD3,-3.8426889088944787,-38.45548671767603,7043045042,-3.7850715379315663,-38.5320404950644,289
286,563B23635D72212A7BC9C9877B609058A21C0D9640F91B120BC9C767D096F042B61AA3,-3.6873795994125125,-38.51688953050257,265021114,-3.8369107847657657,-38.42501163623254,290
287,1438C87ED143518602CC5F7F689F57CAA0CC34BCBE3614408C637C4DE309BFFE0304C9,-3.7740407708056654,-38.55986193646569,4423464635,-3.8857655593510145,-38.541897922122644,291
288,96464A34D27E1FAFBDDFC227128E422F6005E18C8FC9402806B2DFFA9D163D7F5BF0A9,-3.806816687597916,-38.534815078984074,616541884,-3.669553461973721,-38.5662754525595,292
289,59CD447A5BD709C184346C60C5B8BA332C88BB9481992DAD415D87A8F4D63FC9A6DDDE,-3.7525051736248196,-38.58962340756506,7207333570,-3.7572470204193325,-38.52491313094766,293
290,7D1F50D38F185297D996E5689089113DB2A41DD785087B1BC27ADD000A7F756A041BCA,-3.7943393363193008,-38.47136883118527,1704507082,-3.7856242404717335,-38.47820235892195,294
291,B72EC5CEC62E07F858F449E188310FE91BDDBC7B53672B6B69004E93034FCC25CBCB18,-3.7938838461676623,-38.519530247005974,621999822,-3.6804443589187703,-38.4306091250029,295
292,3F6C6440D7451E932A289C12BFD479D66C0317ED97E21F4754EE865A9D4A2F60F5DB21,-3.8414597949590106,-38.52473017800878,6658352853,-3.7443625879150075,-38.47556974592674,296
293,93F081F55F1D7BFEC94DC383B87B5AB086E1EAAEF544F8DCBA8FF192D4A6F7F32EE0EC,-3.660866321105277,-38.66378482849752,2781662935,-3.709295406944869,-38.485238261333876,297
294,59ACBCA100E31741A9A100BAA85D0FBDC980DBBE9E70547AC193CF476948F64793A74C,-3.7837938668264948,-38.47763467569733,1703057115,-3.6815502486641862,-38.53115741744572,298
295,F8B548FDFFA2464E60B5A71176913CCF181AD2B8919A10EFE51161E9CFFD25A1F9E2D8,-3.8197301759194677,-38.52959594702722,264900316,-3.7544208631490634,-38.62878658579659,299
296,560A5B217266E101AE37CFF5C20130F29E2DC1D4B4B2556A5C0B7F33FE2D26CE6DA40A,-3.8120908691510285,-38.444019861696916,264900319,-3.7869367319169696,-38.49874707558698,300
297,292A1840C4626382986EE33325EF709C7B6DF11A3F39C97790449A5256E4E5611F7754,-3.794070670992902,-38.54834282055759,9051879137,-3.7735710529664277,-38.48798110644887,301
298,4BF3953B6C9B59810E538374703C74E03A3B3B079FEF8DB51E124413E947C45149FEC2,-3.8479914572137135,-38.541645630053296,265021159,-3.747072540970533,-38.56596097756544,302
299,AAB9FCDE618CC94AB5D7CC8A205BE27382E0582B21B68D27F2FDB21BD719120C0ABDD4,-3.6918096232400885,-38.56289326196307,616541931,-3.7035057211086087,-38.531988160467606,303
300,57C00BD2D3C33B21B1FD16E5E6EB5B5B7B259F9E909DB34DF4AF7724F606B2A4433602,-3.860156297339325,-38.45774726889657,2505950957,-3.8039817831038993,-38.488137068132325,304
301,3E0C6FCCF7E032EEF495F4506EEACB98F1411D3549E2C1648389DBF56D2EF48F4A6CEC,-3.7280199969050676,-38.64618828554537,599631598,-3.6830096420249743,-38.48987252340524,305
302,FF5E9CBB417AA18C5358228417B45B9ABB719558FA7BB4F90F1CD34ED760321030546C,-3.725707293685738,-38.51484526881164,265021175,-3.735715674729767,-38.38951316877929,306
303,0DF1120E7AC447A54CCDDBA5652A06007B4369C2FD0D63F18C54E7CA6A6D5302BE8410,-3.8286063206293988,-38.448698606475844,482156280,-3.768613694787702,-38.585087815601156,307
304,298DC7302EC8A248D5CCC2FCEC2CFF5DE5466FBE5C8D2C6D6F9FD631625893E9FE9656,-3.758655300396023,-38.56371025768517,1704902395,-3.839643558374879,-38.4913322556255,308
305,C5B7B24F836FB4E35D5F29256C4D91242D199EB6F47148A2ECE8306FF9E8B88E785E3B,-3.7818769185755756,-38.58079120179739,482156295,-3.728376506533032,-38.567335874277354,309
306,FB349053A97D268D5BC578C3972F5CBF7115D69241FF8F930100A117B214E63585415F,-3.709007980610681,-38.549170697441646,2854137610,-3.8709274959609066,-38.509340309706154,310
307,70CBD31E703BF5AFABA4332932206423716572F07CFAC35D6F30EAFD2182A322578A3C,-3.8352639926030836,-38.545036849432385,1703094032,-3.6900215907235725,-38.60396490547642,311
308,9C7072EB09A4C036FA6C029B96E81C4B63FE82825CC905F33A32BEA44526F27704BA58,-3.8034259297338955,-38.557916948686575,616541968,-3.817339671546644,-38.471671141647526,312
309,2497EC9E6B0C51FF3B758321F70D712A08250F48DA7479B7F721439B202C22202518FE,-3.7774178878599303,-38.47960454003217,3893782293,-3.797062714532242,-38.55398447227213,313
310,87B8F8130443BEABF02CE46916697BBC7AF3D9B62B0DFBC769DDEDF1EF6C1F4725B536,-3.7638755789786873,-38.539890458235426,616541986,-3.7519937778292918,-38.523027873581746,314
311,ED4B04ED03E54E7AEBF9879115B4F42FAA6C58D939A615CAEA4395B398C968521313CA,-3.7770697422747976,-38.518676859961936,1703108392,-3.7846605943938587,-38.53266850507911,315
312,D7160E10AAC09EBAC84682C13D94D6B8FF36D69CAE6C3364BF3DD8B3238CF813D3C730,-3.7681991669866384,-38.47473073383355,4911273769,-3.760959323970791,-38.524244321286545,316
313,9C63EDD3A1871EFEE405309B347F9C21032FF0651F149165784066CDA0A3560B86D0CC,-3.7621248561805256,-38.5547334529398,1702858546,-3.80325671734753,-38.472119546684034,317
314,CFD7026B55BBA273ADC7809B8224A4D9311451ED28E563D65BB4777F37B8DDE118E79A,-3.738361530338004,-38.49706189235573,1896464178,-3.8295278909194583,-38.57655683838503,318
315,262ECE7399249B425F5A17DA99AB4A74A5322DAACA01FDBFEBC5AA020D884BEAD71DE4,-3.747700997770588,-38.586308056147224,616542008,-3.797358267621726,-38.48849517786292,319
316,1C6DADE1F9178CA5808EE8E8D08F4A1993B2E51FD0A8566B73C56C06C7EB39F92E233A,-3.852343294039777,-38.54678862048111,599631684,-3.8178001235620616,-38.52987391130778,320
317,836E9B6B86E3ED60CBCA6F568C0D793F61E7BADAE399539930CCF91021EF2A9FC35BF8,-3.7882784540715657,-38.50609796843324,619231056,-3.823858630825839,-38.54686051314061,321
318,1B642BA02B8F490F885D97930C7E151B7D5D9652706A251EA5D732343974C9D447970E,-3.8029100277985037,-38.45518217314971,264943443,-3.820547091004594,-38.452668140446356,322
319,949BA9C37A09526301D7F7CA2752E4D0A02D635E92D376A702685387A2AFFCA11E49C8,-3.7435618499481995,-38.58163339603798,3893782356,-3.6443800607177366,-38.55973054964767,323
320,233D0B97512AA14B56D0B1AA79257815FF2350158DA440689DF8AF40ED4EE0AA0FC006,-3.715957938583099,-38.414552712191025,616542037,-3.821881373708137,-38.46531815899298,324
321,2E8779C7869B98FA072E989E4B62469515AFD924F1E576CE5B24E92B5D7DFC6C19B888,-3.755169315005076,-38.516763243276074,4766152542,-3.7879138322414487,-38.56197831417108,325
322,78CAEDE74EA8B6999439236BAEDCB624F08018CDDA01D3AE8B74FD4E45CAFF5B2B0E57,-3.7020441366694676,-38.55971714950625,3608426336,-3.7918752051323077,-38.51039745751616,326
323,276D04989732DA47FC5033BB34D0DC255CF6645E50F8BF19476803E1AFEBE21796D049,-3.799859510530844,-38.54565172999055,1728558948,-3.8210122534918027,-38.57027933451198,327
324,EDA244F46766E6DFA84B164334DF2576AE378107C6E0599A766BBFCB8ADBFD5BE02F1C,-3.764405018100483,-38.5575082090168,1728558952,-3.777598582758696,-38.58037543006006,328
325,DC26C6ADDB58531489F0B918D5B5DBC17945607A60CE31DD51D68251E8F5A3D523875F,-3.758818958861706,-38.49968948671787,1728558953,-3.6949327411030395,-38.49965899561164,329
326,D4E21EEBCA04BA4DAB1C108A25F3CBA3FDD26B362E114BC58A0A12DD6A3C44F44531CA,-3.7515383638035966,-38.5197059393218,1781280618,-3.7233647296860792,-38.49584534297572,330
327,20A198CCAB0CFE8C0E44869AEAA05B7B199D231B0DD1749915FAE942A948875EA9C1B5,-3.8032994550053925,-38.52450060641464,616542061,-3.8026822834836422,-38.637862405734026,331
328,9F53554EC95B39F214CFC0C6659D933547C0668CC8FD94C97280480BDE2E512323EBA7,-3.7938463479362343,-38.51318184210157,1728558963,-3.811257425407233,-38.574433429785614,332
329,6A6357BACEFC9A1002FEC2DFB362755A7F84CE65629AC0C22F81AF647EA9A66DC648A0,-3.746614696608907,-38.528509916861594,1728558966,-3.823145730819485,-38.416181262011015,333
330,A5064FDB8509EA5ED06EB29705466792734A7702355458DC343B7F0A137B8FE667BCD3,-3.8463072736380526,-38.479342010813745,2299205499,-3.8004541659195747,-38.49125862028131,334
331,4D9F2FD982BE3F63A2327CC926489EB8054EBF5D24F4F57DD5A3E10E771DD45B267201,-3.7252970735657818,-38.586376190228535,7844675466,-3.7456764157898674,-38.42060083626176,335
332,62F39FCA61FFB57E7336F6EF55AF51EF84C58779A38F5D5513CDE4B98839E79838AE67,-3.811535053662492,-38.529761867178436,4348057482,-3.7309432876203235,-38.479536895669234,336
333,14634AB09DC3BA422DEEEA82AC73A7102D7965E939C6B8BFDD977BC1EB23B83C7DE551,-3.7841859975286636,-38.53834556153682,2275637135,-3.820465546033704,-38.615640576974855,337
334,FA551A7E48F72175631F3504CECF82E8EF178A737331A6AE410A05D220F0F90B3962BA,-3.792115771027119,-38.56040805484517,265639828,-3.6772898187980254,-38.47770965638335,338
335,E8FC829B61A757ED5E056C5172523223495EDA829D88D51228884CAF5A51D688C57B2C,-3.771171651189211,-38.59114455464106,8484069269,-3.77381194015207,-38.47922252744534,339
336,6C05ECBDFF29623CDF2058A30DA378432D7DA8141A81D5942CDE48029B125BFB25F481,-3.7904774747967975,-38.569338734975354,1781280660,-3.775095435234058,-38.537782562610474,340
337,CBF3CC7FFA0886E5808832CB6D427E37473D29C54BEEB5EF81BDA6159ECEE9A28AA77F,-3.739863549573033,-38.58903750360883,5698029463,-3.737951860949521,-38.40854418905204,341
338,4138F15E22B8DFACC7F1049AC1C1109622B526587E585390326DE4D6EB3B7386DEE971,-3.828255066594127,-38.525557940403594,264943514,-3.7328709654196284,-38.5512560925802,342
339,50112DBC1354FEE67F82C1BEA8DD2A1C0B8018AA42505612DC149E17ED50A424F7AF6D,-3.680614895229681,-38.51559875535097,622538653,-3.710911067716475,-38.473375803364924,343
340,6D1EB12E493331E39B3EBCB1E036CE484688A09F21C0C89E99454CBAC9DABF2E8C2904,-3.7587922652891494,-38.563445948903365,990031776,-3.726015146456627,-38.498612307872705,344
341,82401B88AD430BB9F205B6D56FD61608190D5E1D786FE548AD1997F3061D029570C538,-3.682648478718888,-38.5657976875364,3338846120,-3.7865900152284824,-38.51887569232094,345
342,94D8AF2EB9F39145A2368F0EA1A498412FC930ADC375165B3FF02B38F8961EFD11DA35,-3.863972128263484,-38.53174463048409,2508980137,-3.79805579486137,-38.57504939108068,346
343,8C575937E258DEB337E25A5A6A51CEE634FFD60BB10BD4B24120F70BA1F1B7039EC3E5,-3.724775177516453,-38.56431090247316,2508980138,-3.7436737934635094,-38.54030176987028,347
344,601152A7843DD7CD0472776ED7A4594A906483BAF21CCF364084911AFC699E72561C3B,-3.779777322926422,-38.50568835402028,622022578,-3.8006154103496446,-38.62032937925158,348
345,E7D5009CA56E614A032ADE32474F42E3CF91EBD788F99E6D66BFF71497B079355BAD57,-3.696491605091378,-38.48770988866981,1898385358,-3.7582059342033194,-38.66581016247745,349
346,08EC0F73DF3CAD027A195AB0DD5A384BFD93A6602B86C52CBBF3EEC67FD6FEDE29F153,-3.8060613152284204,-38.447191739550156,3801427918,-3.8110623417472067,-38.594385446232685,350
347,976C92C15FA8A09E38FBACA2FE73EBE8AAA24DFB11600D25F0C86CCCB364066F7F95BE,-3.7858247170183876,-38.54722238716078,2846799845,-3.8035225811217472,-38.633129398062465,351
348,A80A8E5D8DD02D561F0E6A3785F681745E8198E1B8612FCF20A23DECCC31F1F5CEEC0C,-3.7123499311158805,-38.49658260485772,1188790247,-3.7411453481745434,-38.615416051197364,352
349,E881AE9B103B43321FE95744E9AEC583305368CF8D0857173B0FECB0B50B44051FBD2C,-3.751773018230022,-38.55101098613084,6212564972,-3.8383426689743034,-38.48644333031366,353
350,E2F6FE8351D8BADDCF9DAB5976F83C82F416F29B4378BD679D8FA16E1BB8204A59020A,-3.7843179473943396,-38.59765391305843,2507317234,-3.8221116762858895,-38.46711900012356,354
351,AD17CB7A88AB17FAD02D586E238DC9AEA7E974BFE08097AF2AE7EDBA5C474F1E900E8F,-3.7265731293839837,-38.53082309548196,6585171960,-3.815251503110924,-38.53839981835667,355
